pod,CPU(m),MEMORY(Mi)
ai-prediction-7b6c54f4c9-hwsvl,0.0016946647447995563,120.4609375
storage-provisioner,0.0019185144155559207,28.98046875
ai-prediction-7b6c54f4c9-7zkmv,0.0016984387993607317,120.515625
ai-prediction-7b6c54f4c9-6zfvf,0.0016575130802706235,203.48828125
ai-prediction-7b6c54f4c9-fgc5k,0.0016765781749531453,120.8671875
my-nginx-5b584c864b-vrlxm,0.0,27.79296875
kube-proxy-8qcpv,0.0007962890652884655,67.4375
ai-prediction-7b6c54f4c9-ww4s4,0.0016510856854156735,135.71875
coredns-668d6bf9bc-hmppb,0.002588101338613056,59.875
etcd-minikube,0.025933663373386723,174.53515625
kube-controller-manager-minikube,0.01916309300988899,126.09765625
metrics-server-8467fcc7b7-ljv6z,0.003793671470572312,60.5625
kube-scheduler-minikube,0.007963111191790603,69.65234375
kube-apiserver-minikube,0.050272868973249535,548.41796875
prometheus-prometheus-kube-prometheus-prometheus-0,0.016973188615333777,256.6953125
prometheus-kube-prometheus-operator-66b74b8df7-zp8l5,0.0020872674878246607,51.8359375
prometheus-grafana-68589f687c-xbp7f,0.018183819165776986,322.42578125
prometheus-prometheus-node-exporter-9r6zb,0.001068238732075474,18.69921875
prometheus-kube-state-metrics-5bc7f89f46-vr78c,0.0013792890169298628,39.375
alertmanager-prometheus-kube-prometheus-alertmanager-0,0.0012935281271706255,47.125
ai-prediction-7b6c54f4c9-hwsvl,0.0017083829306776932,120.4609375
storage-provisioner,0.0019015806647938492,28.9765625
ai-prediction-7b6c54f4c9-7zkmv,0.0017198919439542703,120.515625
ai-prediction-7b6c54f4c9-6zfvf,0.001683039679793379,203.48828125
ai-prediction-7b6c54f4c9-fgc5k,0.0017021378753922006,120.8671875
my-nginx-5b584c864b-vrlxm,0.0,27.79296875
kube-proxy-8qcpv,0.0007767472972484372,67.44921875
ai-prediction-7b6c54f4c9-ww4s4,0.0017260745656701082,135.71875
coredns-668d6bf9bc-hmppb,0.002619919634651149,60.640625
etcd-minikube,0.02519741217943979,174.46484375
kube-controller-manager-minikube,0.01861877868479056,126.09765625
metrics-server-8467fcc7b7-ljv6z,0.0038679824204744637,60.5703125
kube-scheduler-minikube,0.007978168521331732,69.6484375
kube-apiserver-minikube,0.051587565088036975,539.8046875
prometheus-prometheus-kube-prometheus-prometheus-0,0.01707560472797309,250.19921875
prometheus-kube-prometheus-operator-66b74b8df7-zp8l5,0.0021516826836941614,51.8359375
prometheus-grafana-68589f687c-xbp7f,0.018968932742705932,322.734375
prometheus-prometheus-node-exporter-9r6zb,0.001158808339105713,17.98828125
prometheus-kube-state-metrics-5bc7f89f46-vr78c,0.001507413536993964,39.3828125
alertmanager-prometheus-kube-prometheus-alertmanager-0,0.001417549311227185,48.03125
ai-prediction-7b6c54f4c9-hwsvl,0.001706855053612758,120.4609375
storage-provisioner,0.0019474074786256317,28.87890625
ai-prediction-7b6c54f4c9-7zkmv,0.0017161494928603818,120.515625
ai-prediction-7b6c54f4c9-6zfvf,0.001690741993884917,203.48828125
ai-prediction-7b6c54f4c9-fgc5k,0.001670744971516189,120.8671875
my-nginx-5b584c864b-vrlxm,0.0,27.79296875
kube-proxy-8qcpv,0.0007852459536096112,67.5625
ai-prediction-7b6c54f4c9-ww4s4,0.001720452857059718,135.71875
coredns-668d6bf9bc-hmppb,0.002501016939659244,60.63671875
etcd-minikube,0.026300310484319654,174.53125
kube-controller-manager-minikube,0.019421570415805157,126.09765625
metrics-server-8467fcc7b7-ljv6z,0.0038401884265297764,60.625
kube-scheduler-minikube,0.008344184290300526,69.4453125
kube-apiserver-minikube,0.053278431272338195,535.44921875
prometheus-prometheus-kube-prometheus-prometheus-0,0.01701497753564228,259.99609375
prometheus-kube-prometheus-operator-66b74b8df7-zp8l5,0.0020582873798924033,52.4609375
prometheus-grafana-68589f687c-xbp7f,0.018906583715663956,322.3828125
prometheus-prometheus-node-exporter-9r6zb,0.00136315532439626,18.94921875
prometheus-kube-state-metrics-5bc7f89f46-vr78c,0.0014677159281138873,39.4765625
alertmanager-prometheus-kube-prometheus-alertmanager-0,0.001327408954671031,46.0234375
ai-prediction-7b6c54f4c9-hwsvl,0.0016631092436974813,120.4609375
storage-provisioner,0.0018834361515103087,29.23828125
ai-prediction-7b6c54f4c9-7zkmv,0.001698078246881786,120.515625
ai-prediction-7b6c54f4c9-6zfvf,0.001670548424981445,203.48828125
ai-prediction-7b6c54f4c9-fgc5k,0.0016896567724469032,120.8671875
my-nginx-5b584c864b-vrlxm,0.0,27.79296875
kube-proxy-8qcpv,0.0008807555850411774,67.453125
ai-prediction-7b6c54f4c9-ww4s4,0.0016990181415757104,135.71875
coredns-668d6bf9bc-hmppb,0.0025541661552704203,61.20703125
etcd-minikube,0.02564426755339026,174.60546875
kube-controller-manager-minikube,0.01951258195397445,126.2109375
metrics-server-8467fcc7b7-ljv6z,0.0037098129072035526,60.64453125
kube-scheduler-minikube,0.008241837578879233,69.58984375
kube-apiserver-minikube,0.0528727699948318,550.828125
prometheus-prometheus-kube-prometheus-prometheus-0,0.016636719524993883,259.21484375
prometheus-kube-prometheus-operator-66b74b8df7-zp8l5,0.0018256283582262234,52.45703125
prometheus-grafana-68589f687c-xbp7f,0.018328860703704593,322.4140625
prometheus-prometheus-node-exporter-9r6zb,0.0013583555648704984,19.34375
prometheus-kube-state-metrics-5bc7f89f46-vr78c,0.0014101043885811674,39.4765625
alertmanager-prometheus-kube-prometheus-alertmanager-0,0.0014330903604727466,46.80078125
ai-prediction-7b6c54f4c9-hwsvl,0.001640780337726817,120.4609375
storage-provisioner,0.0018398055145686344,28.89453125
ai-prediction-7b6c54f4c9-7zkmv,0.0016872808291811298,120.515625
ai-prediction-7b6c54f4c9-6zfvf,0.001605736700810394,203.48828125
ai-prediction-7b6c54f4c9-fgc5k,0.0016817415790641255,120.8671875
my-nginx-5b584c864b-vrlxm,0.0,27.79296875
kube-proxy-8qcpv,0.0008610137403246113,67.453125
ai-prediction-7b6c54f4c9-ww4s4,0.0016655576567475659,135.71875
coredns-668d6bf9bc-hmppb,0.002305121653794787,61.43359375
etcd-minikube,0.02540107674925244,174.80859375
kube-controller-manager-minikube,0.018649574344302564,126.21484375
metrics-server-8467fcc7b7-ljv6z,0.003696979836500855,60.67578125
kube-scheduler-minikube,0.008089493606941235,69.58984375
kube-apiserver-minikube,0.052128950788782505,550.90234375
prometheus-prometheus-kube-prometheus-prometheus-0,0.016712775150224943,261.3515625
prometheus-kube-prometheus-operator-66b74b8df7-zp8l5,0.0018440055611838,52.55078125
prometheus-grafana-68589f687c-xbp7f,0.017147051638799347,321.31640625
prometheus-prometheus-node-exporter-9r6zb,0.001289110601551448,19.3515625
prometheus-kube-state-metrics-5bc7f89f46-vr78c,0.0012970354370807444,39.50390625
alertmanager-prometheus-kube-prometheus-alertmanager-0,0.0010939891040302324,46.90625
ai-prediction-7b6c54f4c9-hwsvl,0.0016168932975229534,120.23046875
storage-provisioner,0.0017944156827570305,26.96484375
ai-prediction-7b6c54f4c9-7zkmv,0.0016437682574088318,120.2890625
ai-prediction-7b6c54f4c9-6zfvf,0.0016306349684020427,182.32421875
ai-prediction-7b6c54f4c9-fgc5k,0.001630593693382339,120.640625
my-nginx-5b584c864b-vrlxm,0.0,26.828125
kube-proxy-8qcpv,0.0008537612118796089,57.46484375
ai-prediction-7b6c54f4c9-ww4s4,0.0016380251769432183,133.8515625
coredns-668d6bf9bc-hmppb,0.002274644856098233,49.90625
etcd-minikube,0.02384783235622303,155.171875
kube-controller-manager-minikube,0.01904504730842064,113.10546875
metrics-server-8467fcc7b7-ljv6z,0.0034706111685323068,52.82421875
kube-scheduler-minikube,0.008010540812731528,58.484375
kube-apiserver-minikube,0.05127792975083768,502.73046875
prometheus-prometheus-kube-prometheus-prometheus-0,0.01669854705299477,244.046875
prometheus-kube-prometheus-operator-66b74b8df7-zp8l5,0.0016278449413733602,48.56640625
prometheus-grafana-68589f687c-xbp7f,0.017306034186363815,308.36328125
prometheus-prometheus-node-exporter-9r6zb,0.001336337653395685,17.26953125
prometheus-kube-state-metrics-5bc7f89f46-vr78c,0.001187873928929182,36.95703125
alertmanager-prometheus-kube-prometheus-alertmanager-0,0.001158153958938958,46.734375
ai-prediction-7b6c54f4c9-hwsvl,0.0015809745345065564,120.2109375
storage-provisioner,0.0018432068390474192,25.80859375
ai-prediction-7b6c54f4c9-7zkmv,0.0015980714602832006,120.265625
ai-prediction-7b6c54f4c9-6zfvf,0.001580409254528358,173.7109375
ai-prediction-7b6c54f4c9-fgc5k,0.0015710380666537859,120.62109375
my-nginx-5b584c864b-vrlxm,0.0,26.69921875
kube-proxy-8qcpv,0.0007679393840960913,53.61328125
ai-prediction-7b6c54f4c9-ww4s4,0.001571035606576519,132.46875
coredns-668d6bf9bc-hmppb,0.0021536640397279523,47.11328125
etcd-minikube,0.024097130015467184,144.23828125
kube-controller-manager-minikube,0.01763194237728855,109.296875
metrics-server-8467fcc7b7-ljv6z,0.0034995909752898184,49.19921875
kube-scheduler-minikube,0.007783618756296099,54.4296875
kube-apiserver-minikube,0.04782238597335816,489.69921875
prometheus-prometheus-kube-prometheus-prometheus-0,0.016097666404372813,243.046875
prometheus-kube-prometheus-operator-66b74b8df7-zp8l5,0.0016776380341051343,46.875
prometheus-grafana-68589f687c-xbp7f,0.017079003331803476,305.5234375
prometheus-prometheus-node-exporter-9r6zb,0.0011860915926179072,17.796875
prometheus-kube-state-metrics-5bc7f89f46-vr78c,0.001087710925983063,35.71875
alertmanager-prometheus-kube-prometheus-alertmanager-0,0.0009726651952796849,46.73046875
ai-prediction-7b6c54f4c9-hwsvl,0.00158458639403078,120.2109375
storage-provisioner,0.0017781988501812762,25.82421875
ai-prediction-7b6c54f4c9-7zkmv,0.0016004311345701261,120.265625
ai-prediction-7b6c54f4c9-6zfvf,0.0015926042161990845,173.0390625
ai-prediction-7b6c54f4c9-fgc5k,0.001581070147635331,120.62109375
my-nginx-5b584c864b-vrlxm,0.0,26.64453125
kube-proxy-8qcpv,0.0008281307192448205,53.55078125
ai-prediction-7b6c54f4c9-ww4s4,0.0015032280815739604,132.34765625
coredns-668d6bf9bc-hmppb,0.0022242814174662675,47.49609375
etcd-minikube,0.024719788233593488,145.890625
kube-controller-manager-minikube,0.018778025933339115,111.171875
metrics-server-8467fcc7b7-ljv6z,0.003347065677275572,49.078125
kube-scheduler-minikube,0.007889720929227116,55.9453125
kube-apiserver-minikube,0.04995724270734183,491.22265625
prometheus-prometheus-kube-prometheus-prometheus-0,0.014859348865223708,237.1953125
prometheus-kube-prometheus-operator-66b74b8df7-zp8l5,0.001610568313951006,46.72265625
prometheus-grafana-68589f687c-xbp7f,0.01709253149937,305.1015625
prometheus-prometheus-node-exporter-9r6zb,0.001172897812280938,17.64453125
prometheus-kube-state-metrics-5bc7f89f46-vr78c,0.0010955255170466578,35.96875
alertmanager-prometheus-kube-prometheus-alertmanager-0,0.0010169186094040436,47.4296875
ai-failure-predictor-6fdf7887f9-dnttx,0.0,0.5078125
ai-prediction-7b6c54f4c9-hwsvl,0.0016204106351448463,120.2109375
storage-provisioner,0.0016646028492187923,25.875
ai-prediction-7b6c54f4c9-7zkmv,0.0016165094440067271,120.265625
ai-prediction-7b6c54f4c9-6zfvf,0.0016297597802724403,172.5
ai-prediction-7b6c54f4c9-fgc5k,0.001606509071442944,120.62109375
my-nginx-5b584c864b-vrlxm,0.0,26.61328125
kube-proxy-8qcpv,0.0007164879267684106,53.33984375
ai-prediction-7b6c54f4c9-ww4s4,0.0015677957763470614,132.29296875
coredns-668d6bf9bc-hmppb,0.002182042762156924,47.4453125
etcd-minikube,0.02535090127609019,146.04296875
kube-controller-manager-minikube,0.01877959982601127,110.85546875
metrics-server-8467fcc7b7-ljv6z,0.0035738247978156085,48.8671875
kube-scheduler-minikube,0.008155087623769472,55.765625
kube-apiserver-minikube,0.05059164589657198,511.96484375
prometheus-prometheus-kube-prometheus-prometheus-0,0.01499055594583124,235.9765625
prometheus-kube-prometheus-operator-66b74b8df7-zp8l5,0.0016352968812236818,46.60546875
prometheus-grafana-68589f687c-xbp7f,0.017365980540852845,305.19921875
prometheus-prometheus-node-exporter-9r6zb,0.001181045094012129,17.80078125
prometheus-kube-state-metrics-5bc7f89f46-vr78c,0.0011065463813088481,35.921875
alertmanager-prometheus-kube-prometheus-alertmanager-0,0.0009119101133946941,47.44921875
ai-failure-predictor-6fdf7887f9-dnttx,0.0,0.5078125
ai-prediction-7b6c54f4c9-hwsvl,0.001589543030612849,120.2109375
storage-provisioner,0.0017361501062867005,26.05859375
ai-prediction-7b6c54f4c9-7zkmv,0.0015330969391523755,120.265625
ai-prediction-7b6c54f4c9-6zfvf,0.0015166352407407406,172.3984375
ai-prediction-7b6c54f4c9-fgc5k,0.0015758777127109855,120.62109375
my-nginx-5b584c864b-vrlxm,0.0,26.58203125
kube-proxy-8qcpv,0.0007324771202477961,50.8671875
ai-prediction-7b6c54f4c9-ww4s4,0.0016294834290980448,132.23828125
coredns-668d6bf9bc-hmppb,0.002187761143652744,48.359375
etcd-minikube,0.02528873979976623,150.19921875
kube-controller-manager-minikube,0.018850171487001823,110.93359375
metrics-server-8467fcc7b7-ljv6z,0.003463162622889067,48.90625
kube-scheduler-minikube,0.008116414619007625,55.74609375
kube-apiserver-minikube,0.050720796600224105,512.5703125
prometheus-prometheus-kube-prometheus-prometheus-0,0.014736174581521584,237.203125
prometheus-kube-prometheus-operator-66b74b8df7-zp8l5,0.0017264639395864303,46.578125
prometheus-grafana-68589f687c-xbp7f,0.016393656200183737,305.3203125
prometheus-prometheus-node-exporter-9r6zb,0.0012071288033425932,17.47265625
prometheus-kube-state-metrics-5bc7f89f46-vr78c,0.0011734439640647292,35.91796875
alertmanager-prometheus-kube-prometheus-alertmanager-0,0.000973866431027692,44.328125
ai-failure-predictor-6fdf7887f9-dnttx,0.0,0.5078125
ai-prediction-7b6c54f4c9-hwsvl,0.0016481569852038365,120.2109375
storage-provisioner,0.001777969192773581,25.93359375
ai-prediction-7b6c54f4c9-7zkmv,0.0016594753435207857,120.265625
ai-prediction-7b6c54f4c9-6zfvf,0.0016808641722053526,172.3984375
ai-prediction-7b6c54f4c9-fgc5k,0.001571074940523475,120.62109375
my-nginx-5b584c864b-vrlxm,0.0,26.58203125
kube-proxy-8qcpv,0.0007122928676566157,51.48828125
ai-prediction-7b6c54f4c9-ww4s4,0.0016814737641648939,132.23828125
coredns-668d6bf9bc-hmppb,0.002192290370896041,48.24609375
etcd-minikube,0.02615376594568466,150.44921875
kube-controller-manager-minikube,0.019293995410504847,111.01953125
metrics-server-8467fcc7b7-ljv6z,0.0036024528101050147,48.9453125
kube-scheduler-minikube,0.008261003940450849,55.6484375
kube-apiserver-minikube,0.05078796563347973,512.61328125
prometheus-prometheus-kube-prometheus-prometheus-0,0.013732809526935275,240.66015625
prometheus-kube-prometheus-operator-66b74b8df7-zp8l5,0.0017825113520325057,46.17578125
prometheus-grafana-68589f687c-xbp7f,0.0169148732963854,305.9140625
prometheus-prometheus-node-exporter-9r6zb,0.0011309407601555565,18.7109375
prometheus-kube-state-metrics-5bc7f89f46-vr78c,0.0012846232804269498,35.921875
alertmanager-prometheus-kube-prometheus-alertmanager-0,0.0009085802082820619,45.15625
ai-failure-predictor-6fdf7887f9-dnttx,0.0,0.5078125
ai-prediction-7b6c54f4c9-hwsvl,0.0015394549009137564,120.20703125
storage-provisioner,0.0016295306013762061,25.9140625
ai-prediction-7b6c54f4c9-7zkmv,0.0016315828849110534,120.2578125
ai-prediction-7b6c54f4c9-6zfvf,0.0016568322345072734,170.7265625
ai-prediction-7b6c54f4c9-fgc5k,0.0015967385652618479,120.61328125
my-nginx-5b584c864b-vrlxm,0.0,26.453125
kube-proxy-8qcpv,0.0007003606370797995,51.08203125
ai-prediction-7b6c54f4c9-ww4s4,0.0016016702567968441,131.92578125
coredns-668d6bf9bc-hmppb,0.002180638805570339,47.69921875
etcd-minikube,0.02594419815499712,149.203125
kube-controller-manager-minikube,0.01886341126874096,110.1484375
metrics-server-8467fcc7b7-ljv6z,0.00342872098315886,48.32421875
kube-scheduler-minikube,0.00805671976027896,54.9375
kube-apiserver-minikube,0.05258600099913024,511.45703125
prometheus-prometheus-kube-prometheus-prometheus-0,0.014603785706100783,242.09765625
prometheus-kube-prometheus-operator-66b74b8df7-zp8l5,0.0017220389420925092,46.34765625
prometheus-grafana-68589f687c-xbp7f,0.016962254237756855,304.96875
prometheus-prometheus-node-exporter-9r6zb,0.0012006455535289872,16.73046875
prometheus-kube-state-metrics-5bc7f89f46-vr78c,0.0012032414757071773,35.63671875
alertmanager-prometheus-kube-prometheus-alertmanager-0,0.0009240292925813183,44.05859375
ai-failure-predictor-6fdf7887f9-dnttx,0.0,0.5078125
ai-prediction-7b6c54f4c9-hwsvl,0.0015734753655859818,120.17578125
storage-provisioner,0.0016031620747648406,24.85546875
ai-prediction-7b6c54f4c9-7zkmv,0.0016070608292745071,120.2109375
ai-prediction-7b6c54f4c9-6zfvf,0.001619253781911788,156.0625
ai-prediction-7b6c54f4c9-fgc5k,0.0014779708771929833,120.59375
my-nginx-5b584c864b-vrlxm,0.0,26.11328125
kube-proxy-8qcpv,0.0005625677805472422,48.46484375
ai-prediction-7b6c54f4c9-ww4s4,0.0016064040069133387,126.84375
coredns-668d6bf9bc-hmppb,0.0020830198526188303,46.109375
etcd-minikube,0.02562897679595255,147.5859375
kube-controller-manager-minikube,0.01844502092374458,107.28125
metrics-server-8467fcc7b7-ljv6z,0.003249863131930201,47.28125
kube-scheduler-minikube,0.007824515243556363,50.3125
kube-apiserver-minikube,0.0571093711142746,602.8359375
prometheus-prometheus-kube-prometheus-prometheus-0,0.01535166491337299,241.6328125
prometheus-kube-prometheus-operator-66b74b8df7-zp8l5,0.0017631853287216452,44.98828125
prometheus-grafana-68589f687c-xbp7f,0.01714749409042453,302.7265625
prometheus-prometheus-node-exporter-9r6zb,0.001198457851674954,16.64453125
prometheus-kube-state-metrics-5bc7f89f46-vr78c,0.0011995787411198608,35.21875
alertmanager-prometheus-kube-prometheus-alertmanager-0,0.0008579335566340836,44.625
ai-failure-predictor-6fdf7887f9-dnttx,0.0,0.5078125
ai-failure-predictor-fd6ddcf5c-rv5g8,0.0,0.49609375
ai-prediction-7b6c54f4c9-hwsvl,0.0015463543591347168,120.15625
storage-provisioner,0.0015988253727673358,25.03125
ai-prediction-7b6c54f4c9-7zkmv,0.0015700630409157354,119.43359375
ai-prediction-7b6c54f4c9-6zfvf,0.0015713195307779405,144.11328125
ai-prediction-7b6c54f4c9-fgc5k,0.0015540382562433308,118.45703125
my-nginx-5b584c864b-vrlxm,0.0,25.5234375
kube-proxy-8qcpv,0.0007141838898763666,44.1328125
ai-prediction-7b6c54f4c9-ww4s4,0.0015527242227936324,124.8359375
coredns-668d6bf9bc-hmppb,0.002104981571372427,44.36328125
etcd-minikube,0.02406970827749183,140.81640625
kube-controller-manager-minikube,0.018100032834871996,99.21484375
metrics-server-8467fcc7b7-ljv6z,0.003316165848854773,44.2734375
kube-scheduler-minikube,0.007804944539640232,47.8359375
kube-apiserver-minikube,0.05595396806928615,591.9921875
prometheus-prometheus-kube-prometheus-prometheus-0,0.014200483209398788,246.9609375
prometheus-kube-prometheus-operator-66b74b8df7-zp8l5,0.0017272171404620435,44.22265625
prometheus-grafana-68589f687c-xbp7f,0.01628134076343591,295.1875
prometheus-prometheus-node-exporter-9r6zb,0.0012735520805570073,17.5703125
prometheus-kube-state-metrics-5bc7f89f46-vr78c,0.0012269672163676452,33.8046875
alertmanager-prometheus-kube-prometheus-alertmanager-0,0.0009140949234025509,49.9765625
ai-failure-predictor-6fdf7887f9-dnttx,0.0,0.5078125
ai-failure-predictor-fd6ddcf5c-rv5g8,0.009770763080805503,138.171875
ai-prediction-7b6c54f4c9-hwsvl,0.0016033770313538377,120.2265625
storage-provisioner,0.0017428712490888628,24.984375
ai-prediction-7b6c54f4c9-7zkmv,0.0016130459666026686,119.42578125
ai-prediction-7b6c54f4c9-6zfvf,0.001593802848397594,144.1171875
ai-prediction-7b6c54f4c9-fgc5k,0.0015913685228371582,118.453125
my-nginx-5b584c864b-vrlxm,0.0,25.5234375
kube-proxy-8qcpv,0.0007726281589581548,44.46484375
ai-prediction-7b6c54f4c9-ww4s4,0.0015943007376666217,124.83203125
coredns-668d6bf9bc-hmppb,0.002085079991703738,44.38671875
etcd-minikube,0.025547871751361976,141.2734375
kube-controller-manager-minikube,0.01834385376365141,99.4296875
metrics-server-8467fcc7b7-ljv6z,0.0034998752406457325,45.1015625
kube-scheduler-minikube,0.007885888842967781,48.203125
kube-apiserver-minikube,0.05713754698071451,593.60546875
prometheus-prometheus-kube-prometheus-prometheus-0,0.015099603302087452,249.9140625
prometheus-kube-prometheus-operator-66b74b8df7-zp8l5,0.0016139077496160309,44.171875
prometheus-grafana-68589f687c-xbp7f,0.016977779023143322,310.359375
prometheus-prometheus-node-exporter-9r6zb,0.0012922499220613614,17.78515625
prometheus-kube-state-metrics-5bc7f89f46-vr78c,0.0013267754674346152,33.8359375
alertmanager-prometheus-kube-prometheus-alertmanager-0,0.0008945988877266008,51.03125
ai-failure-predictor-6fdf7887f9-dnttx,0.0,0.5078125
ai-failure-predictor-fd6ddcf5c-rv5g8,0.00940092336322042,138.1640625
ai-prediction-7b6c54f4c9-hwsvl,0.001624153010783342,120.2265625
storage-provisioner,0.0016975316182008826,25.1015625
ai-prediction-7b6c54f4c9-7zkmv,0.0016267061720209536,119.2578125
ai-prediction-7b6c54f4c9-6zfvf,0.0015901885697500238,143.68359375
ai-prediction-7b6c54f4c9-fgc5k,0.001612195156822445,118.2421875
my-nginx-5b584c864b-vrlxm,0.0,25.484375
kube-proxy-8qcpv,0.0008000781179489665,44.4296875
ai-prediction-7b6c54f4c9-ww4s4,0.001613738789316344,124.5546875
coredns-668d6bf9bc-hmppb,0.0023580104525850777,44.92578125
etcd-minikube,0.025998615539229282,141.5859375
kube-controller-manager-minikube,0.018019469679140317,99.5078125
metrics-server-8467fcc7b7-ljv6z,0.0036000894532215357,45.01953125
kube-scheduler-minikube,0.007951399382241616,47.828125
kube-apiserver-minikube,0.05673770634018815,593.9453125
prometheus-prometheus-kube-prometheus-prometheus-0,0.014782266978327279,250.14453125
prometheus-kube-prometheus-operator-66b74b8df7-zp8l5,0.0015440313870274996,44.4609375
prometheus-grafana-68589f687c-xbp7f,0.017643471153362508,310.30859375
prometheus-prometheus-node-exporter-9r6zb,0.0014427419501761712,17.015625
prometheus-kube-state-metrics-5bc7f89f46-vr78c,0.0012841317722745848,33.77734375
alertmanager-prometheus-kube-prometheus-alertmanager-0,0.001011139047646298,53.171875
ai-failure-predictor-6fdf7887f9-dnttx,0.0,0.5078125
ai-failure-predictor-fd6ddcf5c-rv5g8,0.009591859618062332,138.10546875
ai-prediction-7b6c54f4c9-hwsvl,0.0016773754966979081,120.2265625
storage-provisioner,0.0018473554614399713,25.19140625
ai-prediction-7b6c54f4c9-7zkmv,0.0016674594087887399,119.2578125
ai-prediction-7b6c54f4c9-6zfvf,0.001661410162118449,143.7109375
ai-prediction-7b6c54f4c9-fgc5k,0.0016431784981904818,118.2421875
my-nginx-5b584c864b-vrlxm,0.0,25.484375
kube-proxy-8qcpv,0.0008107870460014931,44.515625
ai-prediction-7b6c54f4c9-ww4s4,0.0016631629742577818,124.5546875
coredns-668d6bf9bc-hmppb,0.0024090640664943368,45.12890625
etcd-minikube,0.026683227776360917,141.88671875
kube-controller-manager-minikube,0.018100679999999928,99.68359375
metrics-server-8467fcc7b7-ljv6z,0.0036655661689121667,44.8515625
kube-scheduler-minikube,0.008268577949682915,47.87890625
kube-apiserver-minikube,0.06087732830162294,544.53515625
prometheus-prometheus-kube-prometheus-prometheus-0,0.014919477315215911,252.30078125
prometheus-kube-prometheus-operator-66b74b8df7-zp8l5,0.0016375304407971495,44.54296875
prometheus-grafana-68589f687c-xbp7f,0.017919144736842106,310.5859375
prometheus-prometheus-node-exporter-9r6zb,0.0013865172182862791,18.2578125
prometheus-kube-state-metrics-5bc7f89f46-vr78c,0.0012670090954784226,33.79296875
alertmanager-prometheus-kube-prometheus-alertmanager-0,0.0009630778761268868,53.48046875
ai-failure-predictor-6fdf7887f9-dnttx,0.0,0.5078125
ai-failure-predictor-fd6ddcf5c-rv5g8,0.009970963761643662,138.10546875
ai-prediction-7b6c54f4c9-hwsvl,0.0016604951570559142,120.2265625
storage-provisioner,0.0018170139818931795,25.2890625
ai-prediction-7b6c54f4c9-7zkmv,0.0017310390343080316,119.2578125
ai-prediction-7b6c54f4c9-6zfvf,0.0017006726337704915,143.7109375
ai-prediction-7b6c54f4c9-fgc5k,0.0016699792811975976,118.2421875
my-nginx-5b584c864b-vrlxm,0.0,25.484375
kube-proxy-8qcpv,0.0008912700895827244,44.53515625
ai-prediction-7b6c54f4c9-ww4s4,0.0017184890851116089,124.5546875
coredns-668d6bf9bc-hmppb,0.002503944596335968,44.61328125
etcd-minikube,0.025167028796296224,142.2421875
kube-controller-manager-minikube,0.01909683169628693,99.69140625
metrics-server-8467fcc7b7-ljv6z,0.003729109837315106,44.859375
kube-scheduler-minikube,0.00842941867416918,48.03125
kube-apiserver-minikube,0.053569139515178506,544.6875
prometheus-prometheus-kube-prometheus-prometheus-0,0.015968503682065274,252.55859375
prometheus-kube-prometheus-operator-66b74b8df7-zp8l5,0.0016164688067624824,45.26171875
prometheus-grafana-68589f687c-xbp7f,0.018374798012941302,310.79296875
prometheus-prometheus-node-exporter-9r6zb,0.0013425468751646838,18.515625
prometheus-kube-state-metrics-5bc7f89f46-vr78c,0.001243928641818096,33.80078125
alertmanager-prometheus-kube-prometheus-alertmanager-0,0.001080598954644608,53.32421875
ai-failure-predictor-6fdf7887f9-dnttx,0.0,0.5078125
ai-failure-predictor-fd6ddcf5c-rv5g8,0.0018278249811813773,138.10546875
ai-prediction-7b6c54f4c9-hwsvl,0.0016831856838466835,120.2265625
storage-provisioner,0.0017560789411764685,25.30078125
ai-prediction-7b6c54f4c9-7zkmv,0.0016966910351467164,119.2578125
ai-prediction-7b6c54f4c9-6zfvf,0.0016731342858363814,143.72265625
ai-prediction-7b6c54f4c9-fgc5k,0.0016422694766590293,118.2421875
my-nginx-5b584c864b-vrlxm,0.0,25.484375
kube-proxy-8qcpv,0.0007098972210310247,45.23046875
ai-prediction-7b6c54f4c9-ww4s4,0.0016957743215251263,124.5546875
coredns-668d6bf9bc-hmppb,0.002319706376177695,44.61328125
etcd-minikube,0.025269848496422276,142.21875
kube-controller-manager-minikube,0.018491403934270758,99.875
metrics-server-8467fcc7b7-ljv6z,0.003674054332199918,44.859375
kube-scheduler-minikube,0.007993890499067968,47.99609375
kube-apiserver-minikube,0.053939590007718974,547.125
prometheus-prometheus-kube-prometheus-prometheus-0,0.015960772916819098,253.18359375
prometheus-kube-prometheus-operator-66b74b8df7-zp8l5,0.0014945103310712664,44.33984375
prometheus-grafana-68589f687c-xbp7f,0.018590252767279786,310.9609375
prometheus-prometheus-node-exporter-9r6zb,0.001321447159405286,17.296875
prometheus-kube-state-metrics-5bc7f89f46-vr78c,0.0012531971212919098,33.8046875
alertmanager-prometheus-kube-prometheus-alertmanager-0,0.0009209299566220314,51.609375
ai-failure-predictor-6fdf7887f9-dnttx,0.0,0.5078125
ai-failure-predictor-fd6ddcf5c-rv5g8,0.0017972267610437069,138.10546875
ai-prediction-7b6c54f4c9-hwsvl,0.0016799041303050821,120.2265625
storage-provisioner,0.0018614500552306353,25.38671875
ai-prediction-7b6c54f4c9-7zkmv,0.0017027127209698126,119.2578125
ai-prediction-7b6c54f4c9-6zfvf,0.0017011860854538438,143.72265625
ai-prediction-7b6c54f4c9-fgc5k,0.0016361202572437441,118.2421875
my-nginx-5b584c864b-vrlxm,0.0,25.484375
kube-proxy-8qcpv,0.0007176872995112404,46.03515625
ai-prediction-7b6c54f4c9-ww4s4,0.0016947927852054645,124.5546875
coredns-668d6bf9bc-hmppb,0.0024814166912882642,42.3984375
etcd-minikube,0.026628299707566413,142.34375
kube-controller-manager-minikube,0.019485357161059254,99.88671875
metrics-server-8467fcc7b7-ljv6z,0.0037121995857488832,44.85546875
kube-scheduler-minikube,0.008343628738262712,48.15234375
kube-apiserver-minikube,0.054011915922686615,559.84375
prometheus-prometheus-kube-prometheus-prometheus-0,0.01514635739242751,253.71484375
prometheus-kube-prometheus-operator-66b74b8df7-zp8l5,0.001464179946961659,44.59375
prometheus-grafana-68589f687c-xbp7f,0.018334510178995633,310.953125
prometheus-prometheus-node-exporter-9r6zb,0.0012192995107886513,18.2890625
prometheus-kube-state-metrics-5bc7f89f46-vr78c,0.0012954681882298051,33.81640625
alertmanager-prometheus-kube-prometheus-alertmanager-0,0.0008941975329265744,51.61328125
ai-failure-predictor-6fdf7887f9-dnttx,0.0,0.5078125
ai-failure-predictor-fd6ddcf5c-rv5g8,0.0018719866861128353,138.10546875
ai-prediction-7b6c54f4c9-hwsvl,0.0016125615431280783,120.2265625
storage-provisioner,0.0017698730437129028,25.6328125
ai-prediction-7b6c54f4c9-7zkmv,0.0017119462125652434,119.2578125
ai-prediction-7b6c54f4c9-6zfvf,0.0017321396620103185,143.72265625
ai-prediction-7b6c54f4c9-fgc5k,0.0016704019771752571,118.2421875
my-nginx-5b584c864b-vrlxm,0.0,25.484375
kube-proxy-8qcpv,0.0006774274750898045,46.04296875
ai-prediction-7b6c54f4c9-ww4s4,0.0016204519759001768,124.55859375
coredns-668d6bf9bc-hmppb,0.002308138965065081,43.5390625
etcd-minikube,0.02653453948063481,142.58984375
kube-controller-manager-minikube,0.0192713974798759,100.171875
metrics-server-8467fcc7b7-ljv6z,0.003797581871137315,44.984375
kube-scheduler-minikube,0.00824259677860066,48.16015625
kube-apiserver-minikube,0.054440056819188315,560.2421875
prometheus-prometheus-kube-prometheus-prometheus-0,0.015599383712666528,243.58984375
prometheus-kube-prometheus-operator-66b74b8df7-zp8l5,0.0015205233341543608,44.8984375
prometheus-grafana-68589f687c-xbp7f,0.01785665778891486,311.12890625
prometheus-prometheus-node-exporter-9r6zb,0.001183209035106499,18.4609375
prometheus-kube-state-metrics-5bc7f89f46-vr78c,0.001319322292023604,33.82421875
alertmanager-prometheus-kube-prometheus-alertmanager-0,0.0009666892791991666,50.58203125
ai-failure-predictor-6fdf7887f9-dnttx,0.0,0.5078125
ai-failure-predictor-fd6ddcf5c-rv5g8,0.0018538546822411404,138.10546875
ai-prediction-7b6c54f4c9-hwsvl,0.0017348998305592397,120.625
storage-provisioner,0.0017385844290846747,31.26953125
ai-prediction-7b6c54f4c9-7zkmv,0.0017505407720429238,117.33984375
ai-prediction-7b6c54f4c9-6zfvf,0.001769065811007246,126.23828125
ai-prediction-7b6c54f4c9-fgc5k,0.001783782477554543,116.375
my-nginx-5b584c864b-vrlxm,0.0,25.23046875
kube-proxy-8qcpv,0.0009305804635203204,42.75
ai-prediction-7b6c54f4c9-ww4s4,0.0017936130310181983,121.0546875
coredns-668d6bf9bc-hmppb,0.0024650698987269196,41.71484375
etcd-minikube,0.027940903011749414,138.765625
kube-controller-manager-minikube,0.020258247522896306,99.734375
metrics-server-8467fcc7b7-ljv6z,0.003699527505718952,40.21875
kube-scheduler-minikube,0.008708930821211752,44.578125
kube-apiserver-minikube,0.05540883583190655,578.81640625
prometheus-prometheus-kube-prometheus-prometheus-0,0.016219471252900734,278.44921875
prometheus-kube-prometheus-operator-66b74b8df7-zp8l5,0.0017548038844383128,50.27734375
prometheus-grafana-68589f687c-xbp7f,0.01894952443308625,339.37109375
prometheus-prometheus-node-exporter-9r6zb,0.0016181657765588907,21.57421875
prometheus-kube-state-metrics-5bc7f89f46-vr78c,0.0012467269678724567,39.9140625
alertmanager-prometheus-kube-prometheus-alertmanager-0,0.0008436270323615888,56.3515625
ai-failure-predictor-9c85d9fd5-zszv6,0.0019218676923825307,132.23046875
ai-failure-predictor-5f98c69556-mmzkr,0.0018815870649415186,176.94140625
ai-prediction-7b6c54f4c9-hwsvl,0.001713954619837008,120.625
storage-provisioner,0.0017726056722258759,31.25
ai-prediction-7b6c54f4c9-7zkmv,0.0017424411941311844,117.34765625
ai-prediction-7b6c54f4c9-6zfvf,0.0017541573327954172,126.1953125
ai-prediction-7b6c54f4c9-fgc5k,0.001799216260707966,116.375
my-nginx-5b584c864b-vrlxm,0.0,25.17578125
kube-proxy-8qcpv,0.0009868482637635878,39.90234375
ai-prediction-7b6c54f4c9-ww4s4,0.001784927100901833,121.0078125
coredns-668d6bf9bc-hmppb,0.0026347493504895758,39.72265625
etcd-minikube,0.026947781979088977,139.03515625
kube-controller-manager-minikube,0.020340073151615404,100.20703125
metrics-server-8467fcc7b7-ljv6z,0.0038469194060376344,40.11328125
kube-scheduler-minikube,0.008570025440069242,44.4765625
kube-apiserver-minikube,0.05300344986490463,578.9296875
prometheus-prometheus-kube-prometheus-prometheus-0,0.01578137239331583,277.97265625
prometheus-kube-prometheus-operator-66b74b8df7-zp8l5,0.0019131426052396865,50.83203125
prometheus-grafana-68589f687c-xbp7f,0.01792217648150812,339.0234375
prometheus-prometheus-node-exporter-9r6zb,0.0013244894398755053,23.390625
prometheus-kube-state-metrics-5bc7f89f46-vr78c,0.0013418604978054501,39.11328125
alertmanager-prometheus-kube-prometheus-alertmanager-0,0.0008520939538956386,56.95703125
ai-failure-predictor-9c85d9fd5-zszv6,0.0018527775899435418,132.203125
ai-failure-predictor-5f98c69556-mmzkr,0.0018858319824806113,175.90234375
ai-prediction-7b6c54f4c9-hwsvl,0.001775377039530822,120.625
storage-provisioner,0.0018142215525379427,31.07421875
ai-prediction-7b6c54f4c9-7zkmv,0.0016884623338368433,116.9765625
ai-prediction-7b6c54f4c9-6zfvf,0.0017314537183687397,125.76953125
ai-prediction-7b6c54f4c9-fgc5k,0.00177200148263105,115.953125
my-nginx-5b584c864b-vrlxm,0.0,25.16015625
kube-proxy-8qcpv,0.000876636425925926,39.90234375
ai-prediction-7b6c54f4c9-ww4s4,0.0017504537596494502,120.98828125
coredns-668d6bf9bc-hmppb,0.0024582102090230733,41.19140625
etcd-minikube,0.027590934733185565,139.69921875
kube-controller-manager-minikube,0.01916232425115277,100.44921875
metrics-server-8467fcc7b7-ljv6z,0.003866283148490337,40.17578125
kube-scheduler-minikube,0.008176026208442945,44.55859375
kube-apiserver-minikube,0.055108356537235316,579.19921875
prometheus-prometheus-kube-prometheus-prometheus-0,0.01591641888311206,278.90625
prometheus-kube-prometheus-operator-66b74b8df7-zp8l5,0.0019223465557896466,50.8515625
prometheus-grafana-68589f687c-xbp7f,0.01818992153801884,339.55859375
prometheus-prometheus-node-exporter-9r6zb,0.001202337238837298,23.41796875
prometheus-kube-state-metrics-5bc7f89f46-vr78c,0.001383020762104436,39.09765625
alertmanager-prometheus-kube-prometheus-alertmanager-0,0.0009120286423943012,56.78125
ai-failure-predictor-9c85d9fd5-zszv6,0.0018940366253942702,132.171875
ai-failure-predictor-5f98c69556-mmzkr,0.0017905564076577793,175.80078125
ai-prediction-7b6c54f4c9-hwsvl,0.0017250947165876002,120.625
storage-provisioner,0.0016778649827622635,31.48828125
ai-prediction-7b6c54f4c9-7zkmv,0.0017035451597322826,116.9765625
ai-prediction-7b6c54f4c9-6zfvf,0.0016888913985937503,125.7265625
ai-prediction-7b6c54f4c9-fgc5k,0.0016845303436635014,115.953125
my-nginx-5b584c864b-vrlxm,0.0,25.16015625
kube-proxy-8qcpv,0.0009300806159227123,40.78125
ai-prediction-7b6c54f4c9-ww4s4,0.0017196780257156307,120.98828125
coredns-668d6bf9bc-hmppb,0.0023822034567121827,42.24609375
etcd-minikube,0.026301612174463525,138.52734375
kube-controller-manager-minikube,0.019595968638235477,100.5625
metrics-server-8467fcc7b7-ljv6z,0.003760766881697114,40.16796875
kube-scheduler-minikube,0.008334844189703665,44.79296875
kube-apiserver-minikube,0.05326263441715729,579.06640625
prometheus-prometheus-kube-prometheus-prometheus-0,0.01539350006934495,280.28515625
prometheus-kube-prometheus-operator-66b74b8df7-zp8l5,0.0018904521830608386,50.8046875
prometheus-grafana-68589f687c-xbp7f,0.01796392984443205,343.75
prometheus-prometheus-node-exporter-9r6zb,0.001384841270124139,24.4375
prometheus-kube-state-metrics-5bc7f89f46-vr78c,0.0013820441441120593,39.203125
alertmanager-prometheus-kube-prometheus-alertmanager-0,0.0008831741402871112,57.4140625
ai-failure-predictor-9c85d9fd5-zszv6,0.0018659762868503062,132.125
ai-failure-predictor-5f98c69556-mmzkr,0.0018383419100562789,174.359375
ai-prediction-7b6c54f4c9-hwsvl,0.0017374612105528777,120.625
storage-provisioner,0.0017103726982401312,31.44140625
ai-prediction-7b6c54f4c9-7zkmv,0.0015923739212743773,116.9765625
ai-prediction-7b6c54f4c9-6zfvf,0.0017300399714909281,125.71484375
ai-prediction-7b6c54f4c9-fgc5k,0.0017515317731329149,115.953125
my-nginx-5b584c864b-vrlxm,0.0,25.16015625
kube-proxy-8qcpv,0.0009122886671219711,41.29296875
ai-prediction-7b6c54f4c9-ww4s4,0.0017189881145631834,120.98828125
coredns-668d6bf9bc-hmppb,0.002359784749027889,42.39453125
etcd-minikube,0.027282233807689023,138.7578125
kube-controller-manager-minikube,0.019697995308014835,101.42578125
metrics-server-8467fcc7b7-ljv6z,0.0038328152166103927,40.22265625
kube-scheduler-minikube,0.008351101011976923,44.91015625
kube-apiserver-minikube,0.053229836159016795,563.05859375
prometheus-prometheus-kube-prometheus-prometheus-0,0.015584135098775074,285.54296875
prometheus-kube-prometheus-operator-66b74b8df7-zp8l5,0.0019965450034186935,50.85546875
prometheus-grafana-68589f687c-xbp7f,0.017658987190014554,351.62890625
prometheus-prometheus-node-exporter-9r6zb,0.0012432365810527237,24.078125
prometheus-kube-state-metrics-5bc7f89f46-vr78c,0.0013902961389652695,39.17578125
alertmanager-prometheus-kube-prometheus-alertmanager-0,0.000968208434765445,56.40234375
ai-failure-predictor-9c85d9fd5-zszv6,0.0018496148220714318,132.109375
ai-failure-predictor-5f98c69556-mmzkr,0.0018124162095861656,174.359375
ai-prediction-7b6c54f4c9-hwsvl,0.0016827515274060012,120.625
storage-provisioner,0.0018257485135588123,31.02734375
ai-prediction-7b6c54f4c9-7zkmv,0.0016267772386680816,116.96875
ai-prediction-7b6c54f4c9-6zfvf,0.0017512461757243623,125.4609375
ai-prediction-7b6c54f4c9-fgc5k,0.0017851707983871543,115.9453125
my-nginx-5b584c864b-vrlxm,0.0,25.14453125
kube-proxy-8qcpv,0.0007193679493899918,41.97265625
ai-prediction-7b6c54f4c9-ww4s4,0.001737067018399866,120.97265625
coredns-668d6bf9bc-hmppb,0.0022810207515317933,44.6484375
etcd-minikube,0.02742481890331381,140.375
kube-controller-manager-minikube,0.02004096251654704,101.1328125
metrics-server-8467fcc7b7-ljv6z,0.003944006474067907,40.3359375
kube-scheduler-minikube,0.008153858792689568,44.64453125
kube-apiserver-minikube,0.05374686711601909,574.578125
prometheus-prometheus-kube-prometheus-prometheus-0,0.016128876337098856,285.04296875
prometheus-kube-prometheus-operator-66b74b8df7-zp8l5,0.001941440558300184,50.75390625
prometheus-grafana-68589f687c-xbp7f,0.018276256091116074,355.6328125
prometheus-prometheus-node-exporter-9r6zb,0.0014342810621688763,24.64453125
prometheus-kube-state-metrics-5bc7f89f46-vr78c,0.0013826932328127766,38.55078125
alertmanager-prometheus-kube-prometheus-alertmanager-0,0.0010039793469565849,55.0234375
ai-failure-predictor-9c85d9fd5-zszv6,0.001892833510118925,131.91015625
ai-failure-predictor-5f98c69556-mmzkr,0.0019194145489573725,172.0546875
ai-prediction-7b6c54f4c9-hwsvl,0.001685781803999428,120.625
storage-provisioner,0.0017917434744465458,31.65625
ai-prediction-7b6c54f4c9-7zkmv,0.0016486340293433378,116.703125
ai-prediction-7b6c54f4c9-6zfvf,0.0017279481074267296,125.1484375
ai-prediction-7b6c54f4c9-fgc5k,0.0017362635195933298,115.671875
my-nginx-5b584c864b-vrlxm,0.0,25.12890625
kube-proxy-8qcpv,0.0006136051159084525,41.98046875
ai-prediction-7b6c54f4c9-ww4s4,0.0016455745112536303,120.84375
coredns-668d6bf9bc-hmppb,0.0023411039469458843,44.70703125
etcd-minikube,0.025639153155575363,140.68359375
kube-controller-manager-minikube,0.01951204017984862,101.0703125
metrics-server-8467fcc7b7-ljv6z,0.0038335717507803953,40.3359375
kube-scheduler-minikube,0.008178417094511534,44.62890625
kube-apiserver-minikube,0.052819549342875714,574.48046875
prometheus-prometheus-kube-prometheus-prometheus-0,0.01509258883930798,282.34765625
prometheus-kube-prometheus-operator-66b74b8df7-zp8l5,0.0017897051669465962,51.3828125
prometheus-grafana-68589f687c-xbp7f,0.01892257043209786,355.5703125
prometheus-prometheus-node-exporter-9r6zb,0.0012592091638622838,25.07421875
prometheus-kube-state-metrics-5bc7f89f46-vr78c,0.0013935794901090565,38.546875
alertmanager-prometheus-kube-prometheus-alertmanager-0,0.0009596525832852031,54.453125
ai-failure-predictor-9c85d9fd5-zszv6,0.001840868202212705,131.87890625
ai-failure-predictor-5f98c69556-mmzkr,0.0018594543375831498,171.71484375
ai-prediction-7b6c54f4c9-hwsvl,0.001676076604889695,120.625
storage-provisioner,0.0016291581176470595,31.671875
ai-prediction-7b6c54f4c9-7zkmv,0.0016326864646264308,116.6875
ai-prediction-7b6c54f4c9-6zfvf,0.0017113622310509233,125.046875
ai-prediction-7b6c54f4c9-fgc5k,0.0017132142920597735,115.65625
my-nginx-5b584c864b-vrlxm,0.0,25.08984375
kube-proxy-8qcpv,0.0006535503116556746,41.9140625
ai-prediction-7b6c54f4c9-ww4s4,0.001661517884570691,120.80078125
coredns-668d6bf9bc-hmppb,0.0022292369283061684,44.75
etcd-minikube,0.026322314645100868,140.9453125
kube-controller-manager-minikube,0.01959242691853932,101.078125
metrics-server-8467fcc7b7-ljv6z,0.0037629538421154445,40.3203125
kube-scheduler-minikube,0.008110480503831972,44.6015625
kube-apiserver-minikube,0.05352057183990981,562.86328125
prometheus-prometheus-kube-prometheus-prometheus-0,0.01596389145383639,282.68359375
prometheus-kube-prometheus-operator-66b74b8df7-zp8l5,0.0018603997233757772,51.1796875
prometheus-grafana-68589f687c-xbp7f,0.018396336327193306,355.87890625
prometheus-prometheus-node-exporter-9r6zb,0.001339614883922764,25.31640625
prometheus-kube-state-metrics-5bc7f89f46-vr78c,0.0013282054159727795,39.00390625
alertmanager-prometheus-kube-prometheus-alertmanager-0,0.0009381555233839016,55.98828125
ai-failure-predictor-9c85d9fd5-zszv6,0.0017564138903835439,131.828125
ai-failure-predictor-5f98c69556-mmzkr,0.001829003363666396,171.20703125
ai-prediction-7b6c54f4c9-hwsvl,0.0015976995887952664,120.625
storage-provisioner,0.0017105960820351224,31.3671875
ai-prediction-7b6c54f4c9-7zkmv,0.0015330647890798414,116.671875
ai-prediction-7b6c54f4c9-6zfvf,0.0016897473377962243,125.03125
ai-prediction-7b6c54f4c9-fgc5k,0.001692090453894211,115.640625
my-nginx-5b584c864b-vrlxm,0.0,25.08984375
kube-proxy-8qcpv,0.0006887120762541077,41.9140625
ai-prediction-7b6c54f4c9-ww4s4,0.0016926319025060558,120.78515625
coredns-668d6bf9bc-hmppb,0.0021754417508201875,41.4140625
etcd-minikube,0.025816448059712283,141.1640625
kube-controller-manager-minikube,0.019259730211840687,101.22265625
metrics-server-8467fcc7b7-ljv6z,0.003727872819476899,40.32421875
kube-scheduler-minikube,0.008023647071287932,44.63671875
kube-apiserver-minikube,0.05286860778000186,564.015625
prometheus-prometheus-kube-prometheus-prometheus-0,0.016128164029142994,282.2421875
prometheus-kube-prometheus-operator-66b74b8df7-zp8l5,0.0018414113363571863,51.18359375
prometheus-grafana-68589f687c-xbp7f,0.01821596452489749,356.0546875
prometheus-prometheus-node-exporter-9r6zb,0.0012768230390995915,24.15625
prometheus-kube-state-metrics-5bc7f89f46-vr78c,0.0012878830441887112,38.89453125
alertmanager-prometheus-kube-prometheus-alertmanager-0,0.0010174696523643295,54.4140625
ai-failure-predictor-9c85d9fd5-zszv6,0.001797263066353595,131.828125
ai-failure-predictor-5f98c69556-mmzkr,0.0017350711977837587,171.20703125
ai-prediction-7b6c54f4c9-hwsvl,0.0015784923382561305,120.625
storage-provisioner,0.0017193776714709455,30.4765625
ai-prediction-7b6c54f4c9-7zkmv,0.001533370021603033,116.65625
ai-prediction-7b6c54f4c9-6zfvf,0.001607253047287229,122.31640625
ai-prediction-7b6c54f4c9-fgc5k,0.0016433898946137892,115.625
my-nginx-5b584c864b-vrlxm,0.0,25.08984375
kube-proxy-8qcpv,0.0006930764081130487,40.515625
ai-prediction-7b6c54f4c9-ww4s4,0.0016206579553324435,120.78515625
coredns-668d6bf9bc-hmppb,0.0021762354140054275,41.171875
etcd-minikube,0.02478719869225827,134.3046875
kube-controller-manager-minikube,0.017775637311893393,93.84765625
metrics-server-8467fcc7b7-ljv6z,0.003539072685560798,39.4453125
kube-scheduler-minikube,0.007636425003233611,42.72265625
kube-apiserver-minikube,0.04978668646043086,542.4609375
prometheus-prometheus-kube-prometheus-prometheus-0,0.015610637503946713,273.328125
prometheus-kube-prometheus-operator-66b74b8df7-zp8l5,0.0017832407552198387,47.0546875
prometheus-grafana-68589f687c-xbp7f,0.016792565947430782,335.8515625
prometheus-prometheus-node-exporter-9r6zb,0.0012686444528050129,23.40625
prometheus-kube-state-metrics-5bc7f89f46-vr78c,0.0012603336058302779,37.50390625
alertmanager-prometheus-kube-prometheus-alertmanager-0,0.0009117795396140076,55.55078125
ai-failure-predictor-9c85d9fd5-zszv6,0.0017275573401560494,130.66015625
ai-failure-predictor-5f98c69556-mmzkr,0.0016372337715907757,139.55859375
